
INSERT INTO DEPARTAMENTO VALUES ('TI', 'TECNOLOGIA DA INFORMAÇÃO');
INSERT INTO DEPARTAMENTO VALUES ('ADM','ADMINISTRAÇÃO');
INSERT INTO DEPARTAMENTO VALUES ('MKT','MARKETING');
INSERT INTO DEPARTAMENTO VALUES ('ENG','ENGENHARIA');
INSERT INTO DEPARTAMENTO VALUES ('FIN','FINANCEIRO');
INSERT INTO DEPARTAMENTO VALUES ('RH','	RECURSOS HUMANOS');
INSERT INTO DEPARTAMENTO VALUES ('CTB','CONTABILIDADE');

INSERT INTO CARGO VALUES (1, 'PROGRAMADOR', 3000);
INSERT INTO CARGO VALUES (2, 'ANALISTA DE SISTEMAS', 5000);
INSERT INTO CARGO VALUES (3, 'ANALISTA FINANCEIRO', 4200);
INSERT INTO CARGO VALUES (4, 'GERENTE DE RH', 6100);
INSERT INTO CARGO VALUES (5, 'CONTADOR', 3400);
INSERT INTO CARGO VALUES (6, 'ENGENHEIRO', 9300);
INSERT INTO CARGO VALUES (7, 'ADMINISTRADOR', 3900);
INSERT INTO CARGO VALUES (8, 'PUBLICITÁRIO', 4400);
INSERT INTO CARGO VALUES (9, 'MOTORISTA', 1800);
INSERT INTO CARGO VALUES (10, 'SECRETÁRIA', 1350);
INSERT INTO CARGO VALUES (11, 'AUXILIAR DE SERVIÇOS GERAIS', 1230);
INSERT INTO CARGO VALUES (12, 'DBA', 12600);

INSERT INTO PROJETO VALUES (1, 'Atualização WIN10', 30000, 6, 'TI');
INSERT INTO PROJETO VALUES (2, 'Migração MS Outlook', 17000, 4, 'TI');
INSERT INTO PROJETO VALUES (3, 'Plano Cargos e Salários', 80000, 24, 'RH');
INSERT INTO PROJETO VALUES (4, 'Redes Sociais', 55000, 12, 'MKT');
INSERT INTO PROJETO VALUES (5, 'Aquisição de Novos Equipamentos', 210000, 30, 'ENG');
INSERT INTO PROJETO VALUES (6, 'Renovação móveis do escritório', 120000, 8, 'ADM');
INSERT INTO PROJETO VALUES (7, 'Desenvolvimento Intranet', 220000, 12, 'TI');
INSERT INTO PROJETO VALUES (8, 'Implantação novo E-Social', 3000, 2, 'CTB');
INSERT INTO PROJETO VALUES (9, 'Energia Solar', 420000, 7, 'ENG');
INSERT INTO PROJETO VALUES (10, 'Renovação frota veicular', 650000, 24, 'ADM');
INSERT INTO PROJETO VALUES (11, 'Budget anual', 3460000, 12, 'FIN');


INSERT INTO FUNCIONARIO (MATRICULA_FUNC, NOME, CPF, DATA_NASCIMENTO, SEXO, CODIGO_CARGO, SIGLA_DEPARTAMENTO) VALUES (1, 'Jorge','00000000001', '01/01/1990','M', 3,'FIN') 
INSERT INTO FUNCIONARIO (MATRICULA_FUNC, NOME, CPF, DATA_NASCIMENTO, SEXO, CODIGO_CARGO, SIGLA_DEPARTAMENTO) VALUES (2, 'Joao','00000000002', '02/03/1995','M', 2,'TI')  
INSERT INTO FUNCIONARIO (MATRICULA_FUNC, NOME, CPF, DATA_NASCIMENTO, SEXO, CODIGO_CARGO, SIGLA_DEPARTAMENTO) VALUES (3, 'Jose','00000000003', '04/06/1988','M', 1,'TI')  
INSERT INTO FUNCIONARIO (MATRICULA_FUNC, NOME, CPF, DATA_NASCIMENTO, SEXO, CODIGO_CARGO, SIGLA_DEPARTAMENTO) VALUES (4, 'Joaquim','00000000004', '06/07/1999','M', 4,'RH')  
INSERT INTO FUNCIONARIO (MATRICULA_FUNC, NOME, CPF, DATA_NASCIMENTO, SEXO, CODIGO_CARGO, SIGLA_DEPARTAMENTO) VALUES (5, 'Joana','00000000005', '08/09/1977','F', 8,'MKT')  
INSERT INTO FUNCIONARIO (MATRICULA_FUNC, NOME, CPF, DATA_NASCIMENTO, SEXO, CODIGO_CARGO, SIGLA_DEPARTAMENTO) VALUES (6, 'Jaqueline','00000000006', '10/10/1994','F', 6,'ENG')  
INSERT INTO FUNCIONARIO (MATRICULA_FUNC, NOME, CPF, DATA_NASCIMENTO, SEXO, CODIGO_CARGO, SIGLA_DEPARTAMENTO) VALUES (7, 'Jade','00000000007', '16/01/1993','F', 7,'ADM')  
INSERT INTO FUNCIONARIO (MATRICULA_FUNC, NOME, CPF, DATA_NASCIMENTO, SEXO, CODIGO_CARGO, SIGLA_DEPARTAMENTO) VALUES (8, 'Jefferson','00000000008', '05/11/1992','M', 5,'FIN')  
INSERT INTO FUNCIONARIO (MATRICULA_FUNC, NOME, CPF, DATA_NASCIMENTO, SEXO, CODIGO_CARGO, SIGLA_DEPARTAMENTO) VALUES (9, 'Jussara','00000000009', '25/11/1978','F', 7,'ADM')  
INSERT INTO FUNCIONARIO (MATRICULA_FUNC, NOME, CPF, DATA_NASCIMENTO, SEXO, CODIGO_CARGO, SIGLA_DEPARTAMENTO) VALUES (10, 'Jorginete','00000000010', '12/08/1989','M', 12,'TI') 


INSERT INTO DEPENDENTE VALUES (01, 01, 'Jorginho', '02/02/2010') 
INSERT INTO DEPENDENTE VALUES (02, 02, 'Joaozinho', '03/03/2003')
INSERT INTO DEPENDENTE VALUES (03, 03, 'Jose Jr', '04/04/2004') 
INSERT INTO DEPENDENTE VALUES (04, 04, 'Joaquim Jr', '05/05/2005') 
INSERT INTO DEPENDENTE VALUES (05, 05, 'Joaninha', '06/06/2006') 
INSERT INTO DEPENDENTE VALUES (06, 06, 'Jacque', '07/07/2007') 


INSERT INTO ALOCACAO_FUNC_PROJETO VALUES (1, 11, '01/01/2020', '01/01/2021') 
INSERT INTO ALOCACAO_FUNC_PROJETO VALUES (2, 2, '01/06/2015', '01/01/2018') 
INSERT INTO ALOCACAO_FUNC_PROJETO VALUES (3, 7, '05/06/2019', '31/12/2020') 
INSERT INTO ALOCACAO_FUNC_PROJETO VALUES (4, 3, '05/06/2014', '10/12/2014') 
INSERT INTO ALOCACAO_FUNC_PROJETO (MATRICULA_FUNC, CODIGO_PROJETO, DATA_INICIO) VALUES (5, 4, '05/06/2018') 
INSERT INTO ALOCACAO_FUNC_PROJETO (MATRICULA_FUNC, CODIGO_PROJETO, DATA_INICIO) VALUES (6, 9, '12/04/2017') 
INSERT INTO ALOCACAO_FUNC_PROJETO (MATRICULA_FUNC, CODIGO_PROJETO, DATA_INICIO) VALUES (7, 10, '12/08/2013') 
INSERT INTO ALOCACAO_FUNC_PROJETO VALUES (8, 11, '01/06/2020', '01/01/2021') 
INSERT INTO ALOCACAO_FUNC_PROJETO (MATRICULA_FUNC, CODIGO_PROJETO, DATA_INICIO) VALUES (9, 6, '18/05/2020') 
INSERT INTO ALOCACAO_FUNC_PROJETO (MATRICULA_FUNC, CODIGO_PROJETO, DATA_INICIO) VALUES (10, 1, '21/10/2020') 